Data;Histórico;Documento;Valor
02/09/2026;LIQUIDACAO BOLETO - VND-00004 CARLA;520521;609,10
02/09/2026;PIX RECEBIDO - VND-00014 HENRIQUE;884309;1.950,83
03/09/2026;LIQUIDACAO BOLETO - VND-00031 DIEGO;350280;1.729,74
03/09/2026;PIX RECEBIDO - VND-00034 ISABELA;579434;2.431,97
03/09/2026;PIX RECEBIDO - VND-00048 BRUNO;800305;634,04
04/09/2026;PIX RECEBIDO - VND-00038 KARINA;751332;1.262,43
04/09/2026;PIX RECEBIDO - VND-00055 MARIANA;734210;1.842,28
04/09/2026;PIX RECEBIDO - VND-00055 MARIANA;320861;1.842,28
04/09/2026;LIQUIDACAO BOLETO - VND-00059 BRUNO;196781;1.658,19
04/09/2026;PIX RECEBIDO - VND-00060 CARLA;969634;2.321,81
05/09/2026;PIX RECEBIDO - VND-00012 MARIANA;411120;270,70
05/09/2026;PIX RECEBIDO - VND-00012 MARIANA;328275;270,70
05/09/2026;TED RECEBIDA - VND-00033 JOÃO;804318;1.131,14
05/09/2026;TARIFA PACOTE SERVICOS;000001;-59,90
07/09/2026;LIQUIDACAO BOLETO - VND-00010 LUCAS;830429;2.130,94
07/09/2026;PIX RECEBIDO - VND-00017 ISABELA;712554;1.778,41
07/09/2026;LIQUIDACAO BOLETO - VND-00019 OLÍVIA;159642;998,28
07/09/2026;TED RECEBIDA - VND-00057 NICOLAS;629959;524,04
08/09/2026;PIX RECEBIDO - VND-00020 KARINA;992697;2.119,70
09/09/2026;TED RECEBIDA - VND-00021 BRUNO;171849;2.028,21
09/09/2026;LIQUIDACAO BOLETO - VND-00022 CARLA;808011;590,58
09/09/2026;TED RECEBIDA - VND-00025 ISABELA;707040;1.887,77
10/09/2026;TED RECEBIDA - VND-00009 KARINA;399105;302,35
10/09/2026;TED RECEBIDA - VND-00056 GABRIELA;313487;540,31
10/09/2026;PIX RECEBIDO - RENATA G;481516;349,90
11/09/2026;PIX RECEBIDO - VND-00002 HENRIQUE;604740;417,68
11/09/2026;LIQUIDACAO BOLETO - VND-00046 CARLA;974244;898,17
11/09/2026;LIQUIDACAO BOLETO - VND-00058 CARLA;363319;1.152,38
12/09/2026;LIQUIDACAO BOLETO - VND-00011 BRUNO;262316;1.845,95
12/09/2026;LIQUIDACAO BOLETO - VND-00037 FELIPE;109767;1.385,30
12/09/2026;PIX RECEBIDO - VND-00039 JOÃO;176819;659,47
13/09/2026;PIX RECEBIDO - VND-00024 OLÍVIA;697347;425,75
13/09/2026;PIX RECEBIDO - VND-00049 CARLA;795613;1.324,26
15/09/2026;PAGTO FORNECEDOR XYZ;000002;-1.830,00
16/09/2026;LIQUIDACAO BOLETO - VND-00030 RENATA;802258;688,42
16/09/2026;PIX RECEBIDO - VND-00043 GABRIELA;172132;2.327,97
16/09/2026;PIX RECEBIDO - VND-00054 BRUNO;385577;1.709,54
17/09/2026;PIX RECEBIDO - VND-00006 HENRIQUE;102260;1.167,09
17/09/2026;PIX RECEBIDO - VND-00027 PAULO;539589;300,00
17/09/2026;PIX RECEBIDO - VND-00045 RENATA;265409;1.172,60
19/09/2026;PIX RECEBIDO - VND-00026 MARIANA;749468;956,03
19/09/2026;PIX RECEBIDO - VND-00035 DIEGO;888387;2.186,65
19/09/2026;TED RECEBIDA - VND-00099 PAULO;234234;1.200,00
20/09/2026;LIQUIDACAO BOLETO - VND-00005 ANA;272634;1.438,21
20/09/2026;TED RECEBIDA - VND-00040 CARLA;630458;287,28
20/09/2026;LIQUIDACAO BOLETO - VND-00042 FELIPE;238890;721,44
20/09/2026;PIX RECEBIDO - VND-00047 HENRIQUE;741390;1.354,03
21/09/2026;PIX RECEBIDO - VND-00013 LUCAS;707314;1.477,19
22/09/2026;PIX RECEBIDO - VND-00001 DIEGO;526156;140,53
22/09/2026;LIQUIDACAO BOLETO - VND-00029 CARLA;373432;1.011,14
22/09/2026;PIX RECEBIDO - VND-00050 PAULO;240814;598,45
22/09/2026;TED RECEBIDA - VND-00053 NICOLAS;878480;937,40
23/09/2026;PIX RECEBIDO - VND-00016 LUCAS;159942;473,62
23/09/2026;PIX RECEBIDO - VND-00018 FELIPE;627276;1.383,12
24/09/2026;TED RECEBIDA - VND-00023 KARINA;523389;594,56
24/09/2026;PIX RECEBIDO - VND-00044 JOÃO;487477;1.045,56
24/09/2026;PIX RECEBIDO - MARCOS T;778899;89,90
26/09/2026;PIX RECEBIDO - VND-00008 NICOLAS;378085;903,41
26/09/2026;TED RECEBIDA - VND-00051 PAULO;221035;668,05
27/09/2026;PIX RECEBIDO - VND-00032 ISABELA;515011;1.940,01
22/09/2026;PIX RECEBIDO - VND-00030 HENRIQUE;556677;R$ abc
